sample,mismatch
Testing_1,0
Testing_2,0
Testing_3,0
Testing_4,0
Testing_5,0
Testing_6,0
Testing_7,0
Testing_8,0
Testing_9,0
Testing_10,0
Testing_11,0
Testing_12,0
Testing_13,0
Testing_14,0
Testing_15,0
Testing_16,0
Testing_17,0
Testing_18,0
Testing_19,0
Testing_20,0
Testing_21,0
Testing_22,0
Testing_23,0
Testing_24,0
Testing_25,0
Testing_26,0
Testing_27,0
Testing_28,0
Testing_29,0
Testing_30,0
Testing_31,0
Testing_32,0
Testing_33,0
Testing_34,0
Testing_35,0
Testing_36,0
Testing_37,0
Testing_38,0
Testing_39,0
Testing_40,0
Testing_41,0
Testing_42,0
Testing_43,1
Testing_44,0
Testing_45,0
Testing_46,1
Testing_47,0
Testing_48,0
Testing_49,0
Testing_50,0
Testing_51,0
Testing_52,0
Testing_53,0
Testing_54,0
Testing_55,0
Testing_56,0
Testing_57,0
Testing_58,1
Testing_59,0
Testing_60,0
Testing_61,0
Testing_62,0
Testing_63,0
Testing_64,0
Testing_65,0
Testing_66,0
Testing_67,0
Testing_68,0
Testing_69,0
Testing_70,1
Testing_71,0
Testing_72,0
Testing_73,0
Testing_74,0
Testing_75,0
Testing_76,0
Testing_77,0
Testing_78,0
Testing_79,0
